<Ui xmlns="http://www.blizzard.com/wow/ui/" xmlns:xsi="http://www.w3.org/2001/XMLSchema-instance" xsi:schemaLocation="http://www.blizzard.com/wow/ui/
..\FrameXML\UI.xsd">
  <Frame name="NPCFrame" movable="true" enableMouse="true" hidden="true">
	<TitleRegion setAllPoints="true"/>
    <Size>
      <AbsDimension x="137" y="75" />
    </Size>
    <Anchors>
      <Anchor point="CENTER" relativeTo="UIParent">
        <Offset>
          <AbsDimension x="0" y="0" />
        </Offset>
      </Anchor>
    </Anchors>
    <Backdrop bgFile="Interface\DialogFrame\UI-DialogBox-Background" edgeFile="Interface\DialogFrame\UI-DialogBox-Border" tile="true">
      <BackgroundInsets>
        <AbsInset left="4" right="4" top="4" bottom="4" />
      </BackgroundInsets>
      <TileSize>
        <AbsValue val="12" />
      </TileSize>
      <EdgeSize>
        <AbsValue val="12" />
      </EdgeSize>
    </Backdrop>
    <Layers>
      <Layer>
        <Texture name="$parentTitleBorder" hidden="true" file="Interface\DialogFrame\UI-DialogBox-Header">
          <Size>
            <AbsDimension x="200" y="48" />
          </Size>
          <Anchors>
            <Anchor point="TOP">
              <Offset>
                <AbsDimension x="0" y="0" />
              </Offset>
            </Anchor>
          </Anchors>
          <TexCoords left="0.2" right="0.8" top="0" bottom="0.6" />
        </Texture>
        <FontString name="$parentTitleString" font="Fonts\FRIZQT__.TTF" text="Select Class">
          <Size>
            <AbsDimension x="200" y="1" />
          </Size>
          <Anchors>
            <Anchor point="TOP">
              <Offset>
                <AbsDimension x="0" y="-11" />
              </Offset>
            </Anchor>
          </Anchors>
          <FontHeight>
            <AbsValue val="9" />
          </FontHeight>
          <Color r="0" g="0.7" b="0.7" />
          <Shadow>
            <Color r="0" g="0" b="0" />
            <Offset>
              <AbsDimension x="1" y="-1" />
            </Offset>
          </Shadow>
        </FontString>
      </Layer>
    </Layers>
    <Frames>
      <Button name="$parentClose" inherits="UIPanelCloseButton">
        <Size>
          <AbsDimension x="22" y="22" />
        </Size>
        <Anchors>
          <Anchor point="CENTER" relativeTo="$parent" relativePoint="TOPRIGHT">
            <Offset>
              <AbsDimension x="-13" y="-12" />
            </Offset>
          </Anchor>
        </Anchors>
        <NormalFont style="GameFontNormal" />
        <HighlightFont style="GameFontHighlight" />
        <DisabledFont style="GameFontDisable" />
      </Button>
      <Button name="$parentWarrior" text=" ">
        <Size>
          <AbsDimension x="24" y="24" />
        </Size>
        <Anchors>
          <Anchor point="TOPLEFT">
            <Offset>
              <AbsDimension x="7" y="-20" />
            </Offset>
          </Anchor>
        </Anchors>
        <Scripts>
		  <OnEnter>
			NPCCommand_OnEnter(self,1,"Warrior","warrior",".playerbot bot addclass warrior"); <!-- Needs correction -->
		  </OnEnter>
		  <OnLeave>
			GameTooltip:Hide();
		  </OnLeave>
          <OnClick>
			SendChatMessage(".playerbot bot addclass warrior", "SAY");
		  </OnClick>
        </Scripts>
        <NormalTexture setAllPoints="true" file="interface\glues\charactercreate\ui-charactercreate-classes">
          <TexCoords left="0" right="0.25" top="0" bottom="0.25" />
        </NormalTexture>
        <PushedTexture setAllPoints="true" file="interface\buttons\greengrad64" alphaMode="ADD">
          <TexCoords left="0" right="1" top="0" bottom="1" />
        </PushedTexture>
        <DisabledTexture setAllPoints="true" file="Interface\Buttons\UI-Panel-Button-Disabled" alphaMode="ADD">
          <TexCoords left="0" right="1" top="0" bottom="1" />
        </DisabledTexture>
        <HighlightTexture setAllPoints="true" file="interface\buttons\UI-Common-MouseHilight" alphaMode="ADD">
          <TexCoords left="0" right="1" top="0" bottom="1" />
        </HighlightTexture>
        <NormalFont style="GameFontNormal" />
        <HighlightFont style="GameFontHighlight" />
        <DisabledFont style="GameFontDisable" />
        <PushedTextOffset x="0" y="0" />
      </Button>
      <Button name="$parentMage" text=" ">
        <Size>
          <AbsDimension x="24" y="24" />
        </Size>
        <Anchors>
          <Anchor point="TOPLEFT">
            <Offset>
              <AbsDimension x="57" y="-45" />
            </Offset>
          </Anchor>
        </Anchors>
        <Scripts>
		  <OnEnter>
			NPCCommand_OnEnter(self,1,"Mage","mage",".playerbot bot addclass mage"); <!-- Needs correction -->
		  </OnEnter>
		  <OnLeave>
			GameTooltip:Hide();
		  </OnLeave>
          <OnClick>
			SendChatMessage(".playerbot bot addclass mage", "SAY");
		  </OnClick>
        </Scripts>
        <NormalTexture setAllPoints="true" file="interface\glues\charactercreate\ui-charactercreate-classes">
          <TexCoords left="0.25" right="0.5" top="0" bottom="0.25" />
        </NormalTexture>
        <PushedTexture setAllPoints="true" file="interface\buttons\greengrad64" alphaMode="ADD">
          <TexCoords left="0" right="1" top="0" bottom="1" />
        </PushedTexture>
        <DisabledTexture setAllPoints="true" file="Interface\Buttons\UI-Panel-Button-Disabled" alphaMode="ADD">
          <TexCoords left="0" right="1" top="0" bottom="1" />
        </DisabledTexture>
        <HighlightTexture setAllPoints="true" file="interface\buttons\UI-Common-MouseHilight" alphaMode="ADD">
          <TexCoords left="0" right="1" top="0" bottom="1" />
        </HighlightTexture>
        <NormalFont style="GameFontNormal" />
        <HighlightFont style="GameFontHighlight" />
        <DisabledFont style="GameFontDisable" />
        <PushedTextOffset x="0" y="0" />
      </Button>
      <Button name="$parentRogue" text=" ">
        <Size>
          <AbsDimension x="24" y="24" />
        </Size>
        <Anchors>
          <Anchor point="TOPLEFT">
            <Offset>
              <AbsDimension x="82" y="-20" />
            </Offset>
          </Anchor>
        </Anchors>
        <Scripts>
		  <OnEnter>
			NPCCommand_OnEnter(self,1,"Rogue","rogue",".playerbot bot addclass rogue"); <!-- Needs correction -->
		  </OnEnter>
		  <OnLeave>
			GameTooltip:Hide();
		  </OnLeave>
          <OnClick>
			SendChatMessage(".playerbot bot addclass rogue", "SAY");
		  </OnClick>
        </Scripts>
        <NormalTexture setAllPoints="true" file="interface\glues\charactercreate\ui-charactercreate-classes">
          <TexCoords left="0.5" right="0.75" top="0" bottom="0.25" />
        </NormalTexture>
        <PushedTexture setAllPoints="true" file="interface\buttons\greengrad64" alphaMode="ADD">
          <TexCoords left="0" right="1" top="0" bottom="1" />
        </PushedTexture>
        <DisabledTexture setAllPoints="true" file="Interface\Buttons\UI-Panel-Button-Disabled" alphaMode="ADD">
          <TexCoords left="0" right="1" top="0" bottom="1" />
        </DisabledTexture>
        <HighlightTexture setAllPoints="true" file="interface\buttons\UI-Common-MouseHilight" alphaMode="ADD">
          <TexCoords left="0" right="1" top="0" bottom="1" />
        </HighlightTexture>
        <NormalFont style="GameFontNormal" />
        <HighlightFont style="GameFontHighlight" />
        <DisabledFont style="GameFontDisable" />
        <PushedTextOffset x="0" y="0" />
      </Button>
      <Button name="$parentDruid" text=" ">
        <Size>
          <AbsDimension x="24" y="24" />
        </Size>
        <Anchors>
          <Anchor point="TOPLEFT">
            <Offset>
              <AbsDimension x="107" y="-20" />
            </Offset>
          </Anchor>
        </Anchors>
        <Scripts>
		  <OnEnter>
			NPCCommand_OnEnter(self,1,"Druid","druid",".playerbot bot addclass druid"); <!-- Needs correction -->
		  </OnEnter>
		  <OnLeave>
			GameTooltip:Hide();
		  </OnLeave>
          <OnClick>
			SendChatMessage(".playerbot bot addclass druid", "SAY");
		  </OnClick>
        </Scripts>
        <NormalTexture setAllPoints="true" file="interface\glues\charactercreate\ui-charactercreate-classes">
          <TexCoords left="0.75" right="1" top="0" bottom="0.25" />
        </NormalTexture>
        <PushedTexture setAllPoints="true" file="interface\buttons\greengrad64" alphaMode="ADD">
          <TexCoords left="0" right="1" top="0" bottom="1" />
        </PushedTexture>
        <DisabledTexture setAllPoints="true" file="Interface\Buttons\UI-Panel-Button-Disabled" alphaMode="ADD">
          <TexCoords left="0" right="1" top="0" bottom="1" />
        </DisabledTexture>
        <HighlightTexture setAllPoints="true" file="interface\buttons\UI-Common-MouseHilight" alphaMode="ADD">
          <TexCoords left="0" right="1" top="0" bottom="1" />
        </HighlightTexture>
        <NormalFont style="GameFontNormal" />
        <HighlightFont style="GameFontHighlight" />
        <DisabledFont style="GameFontDisable" />
        <PushedTextOffset x="0" y="0" />
      </Button>
      <Button name="$parentHunter" text=" ">
        <Size>
          <AbsDimension x="24" y="24" />
        </Size>
        <Anchors>
          <Anchor point="TOPLEFT">
            <Offset>
              <AbsDimension x="7" y="-45" />
            </Offset>
          </Anchor>
        </Anchors>
        <Scripts>
		  <OnEnter>
			NPCCommand_OnEnter(self,1,"Hunter","hunter",".playerbot bot addclass hunter"); <!-- Needs correction -->
		  </OnEnter>
		  <OnLeave>
			GameTooltip:Hide();
		  </OnLeave>
          <OnClick>
			SendChatMessage(".playerbot bot addclass hunter", "SAY");
		  </OnClick>
        </Scripts>
        <NormalTexture setAllPoints="true" file="interface\glues\charactercreate\ui-charactercreate-classes">
          <TexCoords left="0" right="0.25" top="0.25" bottom="0.5" />
        </NormalTexture>
        <PushedTexture setAllPoints="true" file="interface\buttons\greengrad64" alphaMode="ADD">
          <TexCoords left="0" right="1" top="0" bottom="1" />
        </PushedTexture>
        <DisabledTexture setAllPoints="true" file="Interface\Buttons\UI-Panel-Button-Disabled" alphaMode="ADD">
          <TexCoords left="0" right="1" top="0" bottom="1" />
        </DisabledTexture>
        <HighlightTexture setAllPoints="true" file="interface\buttons\UI-Common-MouseHilight" alphaMode="ADD">
          <TexCoords left="0" right="1" top="0" bottom="1" />
        </HighlightTexture>
        <NormalFont style="GameFontNormal" />
        <HighlightFont style="GameFontHighlight" />
        <DisabledFont style="GameFontDisable" />
        <PushedTextOffset x="0" y="0" />
      </Button>
      <Button name="$parentShaman" text=" ">
        <Size>
          <AbsDimension x="24" y="24" />
        </Size>
        <Anchors>
          <Anchor point="TOPLEFT">
            <Offset>
              <AbsDimension x="32" y="-45" />
            </Offset>
          </Anchor>
        </Anchors>
        <Scripts>
		  <OnEnter>
			NPCCommand_OnEnter(self,1,"Shaman","shaman",".playerbot bot addclass shaman"); <!-- Needs correction -->
		  </OnEnter>
		  <OnLeave>
			GameTooltip:Hide();
		  </OnLeave>
          <OnClick>
			SendChatMessage(".playerbot bot addclass shaman", "SAY");
		  </OnClick>
        </Scripts>
        <NormalTexture setAllPoints="true" file="interface\glues\charactercreate\ui-charactercreate-classes">
          <TexCoords left="0.25" right="0.5" top="0.25" bottom="0.5" />
        </NormalTexture>
        <PushedTexture setAllPoints="true" file="interface\buttons\greengrad64" alphaMode="ADD">
          <TexCoords left="0" right="1" top="0" bottom="1" />
        </PushedTexture>
        <DisabledTexture setAllPoints="true" file="Interface\Buttons\UI-Panel-Button-Disabled" alphaMode="ADD">
          <TexCoords left="0" right="1" top="0" bottom="1" />
        </DisabledTexture>
        <HighlightTexture setAllPoints="true" file="interface\buttons\UI-Common-MouseHilight" alphaMode="ADD">
          <TexCoords left="0" right="1" top="0" bottom="1" />
        </HighlightTexture>
        <NormalFont style="GameFontNormal" />
        <HighlightFont style="GameFontHighlight" />
        <DisabledFont style="GameFontDisable" />
        <PushedTextOffset x="0" y="0" />
      </Button>
      <Button name="$parentPriest" text=" ">
        <Size>
          <AbsDimension x="24" y="24" />
        </Size>
        <Anchors>
          <Anchor point="TOPLEFT">
            <Offset>
              <AbsDimension x="107" y="-45" />
            </Offset>
          </Anchor>
        </Anchors>
        <Scripts>
		  <OnEnter>
			NPCCommand_OnEnter(self,1,"Priest","priest",".playerbot bot addclass priest"); <!-- Needs correction -->
		  </OnEnter>
		  <OnLeave>
			GameTooltip:Hide();
		  </OnLeave>
          <OnClick>
			SendChatMessage(".playerbot bot addclass priest", "SAY");
		  </OnClick>
        </Scripts>
        <NormalTexture setAllPoints="true" file="interface\glues\charactercreate\ui-charactercreate-classes">
          <TexCoords left="0.5" right="0.75" top="0.25" bottom="0.5" />
        </NormalTexture>
        <PushedTexture setAllPoints="true" file="interface\buttons\greengrad64" alphaMode="ADD">
          <TexCoords left="0" right="1" top="0" bottom="1" />
        </PushedTexture>
        <DisabledTexture setAllPoints="true" file="Interface\Buttons\UI-Panel-Button-Disabled" alphaMode="ADD">
          <TexCoords left="0" right="1" top="0" bottom="1" />
        </DisabledTexture>
        <HighlightTexture setAllPoints="true" file="interface\buttons\UI-Common-MouseHilight" alphaMode="ADD">
          <TexCoords left="0" right="1" top="0" bottom="1" />
        </HighlightTexture>
        <NormalFont style="GameFontNormal" />
        <HighlightFont style="GameFontHighlight" />
        <DisabledFont style="GameFontDisable" />
        <PushedTextOffset x="0" y="0" />
      </Button>
      <Button name="$parentWarlock" text=" ">
        <Size>
          <AbsDimension x="24" y="24" />
        </Size>
        <Anchors>
          <Anchor point="TOPLEFT">
            <Offset>
              <AbsDimension x="82" y="-45" />
            </Offset>
          </Anchor>
        </Anchors>
        <Scripts>
		  <OnEnter>
			NPCCommand_OnEnter(self,1,"Warlock","warlock",".playerbot bot addclass warlock"); <!-- Needs correction -->
		  </OnEnter>
		  <OnLeave>
			GameTooltip:Hide();
		  </OnLeave>
          <OnClick>
			SendChatMessage(".playerbot bot addclass warlock", "SAY");
		  </OnClick>
        </Scripts>
        <NormalTexture setAllPoints="true" file="interface\glues\charactercreate\ui-charactercreate-classes">
          <TexCoords left="0.75" right="1" top="0.25" bottom="0.5" />
        </NormalTexture>
        <PushedTexture setAllPoints="true" file="interface\buttons\greengrad64" alphaMode="ADD">
          <TexCoords left="0" right="1" top="0" bottom="1" />
        </PushedTexture>
        <DisabledTexture setAllPoints="true" file="Interface\Buttons\UI-Panel-Button-Disabled" alphaMode="ADD">
          <TexCoords left="0" right="1" top="0" bottom="1" />
        </DisabledTexture>
        <HighlightTexture setAllPoints="true" file="interface\buttons\UI-Common-MouseHilight" alphaMode="ADD">
          <TexCoords left="0" right="1" top="0" bottom="1" />
        </HighlightTexture>
        <NormalFont style="GameFontNormal" />
        <HighlightFont style="GameFontHighlight" />
        <DisabledFont style="GameFontDisable" />
        <PushedTextOffset x="0" y="0" />
      </Button>
      <Button name="$parentPaladin" text=" ">
        <Size>
          <AbsDimension x="24" y="24" />
        </Size>
        <Anchors>
          <Anchor point="TOPLEFT">
            <Offset>
              <AbsDimension x="32" y="-20" />
            </Offset>
          </Anchor>
        </Anchors>
        <Scripts>
		  <OnEnter>
			NPCCommand_OnEnter(self,1,"Paladin","paladin",".playerbot bot addclass paladin"); <!-- Needs correction -->
		  </OnEnter>
		  <OnLeave>
			GameTooltip:Hide();
		  </OnLeave>
          <OnClick>
			SendChatMessage(".playerbot bot addclass paladin", "SAY");
		  </OnClick>
        </Scripts>
        <NormalTexture setAllPoints="true" file="interface\glues\charactercreate\ui-charactercreate-classes">
          <TexCoords left="0" right="0.25" top="0.5" bottom="0.75" />
        </NormalTexture>
        <PushedTexture setAllPoints="true" file="interface\buttons\greengrad64" alphaMode="ADD">
          <TexCoords left="0" right="1" top="0" bottom="1" />
        </PushedTexture>
        <DisabledTexture setAllPoints="true" file="Interface\Buttons\UI-Panel-Button-Disabled" alphaMode="ADD">
          <TexCoords left="0" right="1" top="0" bottom="1" />
        </DisabledTexture>
        <HighlightTexture setAllPoints="true" file="interface\buttons\UI-Common-MouseHilight" alphaMode="ADD">
          <TexCoords left="0" right="1" top="0" bottom="1" />
        </HighlightTexture>
        <NormalFont style="GameFontNormal" />
        <HighlightFont style="GameFontHighlight" />
        <DisabledFont style="GameFontDisable" />
        <PushedTextOffset x="0" y="0" />
      </Button>
      <Button name="$parentDK" text=" ">
        <Size>
          <AbsDimension x="24" y="24" />
        </Size>
        <Anchors>
          <Anchor point="TOPLEFT">
            <Offset>
              <AbsDimension x="57" y="-20" />
            </Offset>
          </Anchor>
        </Anchors>
        <Scripts>
		  <OnEnter>
			NPCCommand_OnEnter(self,1,"Death Knight","deathknight",".playerbot bot addclass dk"); <!-- Needs correction -->
		  </OnEnter>
		  <OnLeave>
			GameTooltip:Hide();
		  </OnLeave>
          <OnClick>
			SendChatMessage(".playerbot bot addclass dk", "SAY");
		  </OnClick>
        </Scripts>
        <NormalTexture setAllPoints="true" file="interface\glues\charactercreate\ui-charactercreate-classes">
          <TexCoords left="0.25" right="0.5" top="0.5" bottom="0.75" />
        </NormalTexture>
        <PushedTexture setAllPoints="true" file="interface\buttons\greengrad64" alphaMode="ADD">
          <TexCoords left="0" right="1" top="0" bottom="1" />
        </PushedTexture>
        <DisabledTexture setAllPoints="true" file="Interface\Buttons\UI-Panel-Button-Disabled" alphaMode="ADD">
          <TexCoords left="0" right="1" top="0" bottom="1" />
        </DisabledTexture>
        <HighlightTexture setAllPoints="true" file="interface\buttons\UI-Common-MouseHilight" alphaMode="ADD">
          <TexCoords left="0" right="1" top="0" bottom="1" />
        </HighlightTexture>
        <NormalFont style="GameFontNormal" />
        <HighlightFont style="GameFontHighlight" />
        <DisabledFont style="GameFontDisable" />
        <PushedTextOffset x="0" y="0" />
      </Button>
      <!-- <Button name="$parentRemove" text=" ">
        <Size>
          <AbsDimension x="40" y="40" />
        </Size>
        <Anchors>
          <Anchor point="TOPLEFT">
            <Offset>
              <AbsDimension x="15" y="-132" />
            </Offset>
          </Anchor>
        </Anchors>
        <Scripts>
		  <OnEnter>
			NPCCommand_OnEnter(self,2,"解散NPC机器人","解散选择的NPC机器人。选择你自己将解散所有NPC机器人。",".npcbot remove");
		  </OnEnter>
		  <OnLeave>
			GameTooltip:Hide();
		  </OnLeave>
          <OnClick>
			SendChatMessage(".npcbot remove", "SAY");
		  </OnClick>
        </Scripts>
        <NormalTexture setAllPoints="true" file="Interface\Icons\ABILITY_SEAL">
          <TexCoords left="0" right="1" top="0" bottom="1" />
        </NormalTexture>
        <PushedTexture setAllPoints="true" file="interface\buttons\greengrad64" alphaMode="ADD">
          <TexCoords left="0" right="1" top="0" bottom="1" />
        </PushedTexture>
        <DisabledTexture setAllPoints="true" file="Interface\Buttons\UI-Panel-Button-Disabled" alphaMode="ADD">
          <TexCoords left="0" right="1" top="0" bottom="1" />
        </DisabledTexture>
        <HighlightTexture setAllPoints="true" file="interface\buttons\UI-Common-MouseHilight" alphaMode="ADD">
          <TexCoords left="0" right="1" top="0" bottom="1" />
        </HighlightTexture>
        <NormalFont style="GameFontNormal" />
        <HighlightFont style="GameFontHighlight" />
        <DisabledFont style="GameFontDisable" />
        <PushedTextOffset x="0" y="0" />
      </Button>
      <Button name="$parentReset" text=" ">
        <Size>
          <AbsDimension x="40" y="40" />
        </Size>
        <Anchors>
          <Anchor point="TOPLEFT">
            <Offset>
              <AbsDimension x="61" y="-132" />
            </Offset>
          </Anchor>
        </Anchors>
        <Scripts>
		  <OnEnter>
			NPCCommand_OnEnter(self,2,"重置NPC机器人","重置所选定的NPC机器人，选定自己将重置所有NPC机器人。",".npcbot reset");
		  </OnEnter>
		  <OnLeave>
			GameTooltip:Hide();
		  </OnLeave>
          <OnClick>
			SendChatMessage(".npcbot reset", "SAY");
		  </OnClick>
        </Scripts>
        <NormalTexture setAllPoints="true" file="Interface\Icons\Achievement_Boss_CThun">
          <TexCoords left="0" right="1" top="0" bottom="1" />
        </NormalTexture>
        <PushedTexture setAllPoints="true" file="interface\buttons\greengrad64" alphaMode="ADD">
          <TexCoords left="0" right="1" top="0" bottom="1" />
        </PushedTexture>
        <DisabledTexture setAllPoints="true" file="Interface\Buttons\UI-Panel-Button-Disabled" alphaMode="ADD">
          <TexCoords left="0" right="1" top="0" bottom="1" />
        </DisabledTexture>
        <HighlightTexture setAllPoints="true" file="interface\buttons\UI-Common-MouseHilight" alphaMode="ADD">
          <TexCoords left="0" right="1" top="0" bottom="1" />
        </HighlightTexture>
        <NormalFont style="GameFontNormal" />
        <HighlightFont style="GameFontHighlight" />
        <DisabledFont style="GameFontDisable" />
        <PushedTextOffset x="0" y="0" />
      </Button>
      <Button name="$parentStay" text=" ">
        <Size>
          <AbsDimension x="40" y="40" />
        </Size>
        <Anchors>
          <Anchor point="TOPLEFT">
            <Offset>
              <AbsDimension x="107" y="-132" />
            </Offset>
          </Anchor>
        </Anchors>
        <Scripts>
		  <OnEnter>
			NPCCommand_OnEnter(self,2,"NPC机器人停留","让全队NPC机器人停留在原地不动。",".npcbot command stay");
		  </OnEnter>
		  <OnLeave>
			GameTooltip:Hide();
		  </OnLeave>
          <OnClick>
			SendChatMessage(".npcbot command stay", "SAY");
		  </OnClick>
        </Scripts>
        <NormalTexture setAllPoints="true" file="Interface\Icons\INV_FISHINGCHAIR">
          <TexCoords left="0" right="1" top="0" bottom="1" />
        </NormalTexture>
        <PushedTexture setAllPoints="true" file="interface\buttons\greengrad64" alphaMode="ADD">
          <TexCoords left="0" right="1" top="0" bottom="1" />
        </PushedTexture>
        <DisabledTexture setAllPoints="true" file="Interface\Buttons\UI-Panel-Button-Disabled" alphaMode="ADD">
          <TexCoords left="0" right="1" top="0" bottom="1" />
        </DisabledTexture>
        <HighlightTexture setAllPoints="true" file="interface\buttons\UI-Common-MouseHilight" alphaMode="ADD">
          <TexCoords left="0" right="1" top="0" bottom="1" />
        </HighlightTexture>
        <NormalFont style="GameFontNormal" />
        <HighlightFont style="GameFontHighlight" />
        <DisabledFont style="GameFontDisable" />
        <PushedTextOffset x="0" y="0" />
      </Button>
      <Button name="$parentFollow" text=" ">
        <Size>
          <AbsDimension x="40" y="40" />
        </Size>
        <Anchors>
          <Anchor point="TOPLEFT">
            <Offset>
              <AbsDimension x="153" y="-132" />
            </Offset>
          </Anchor>
        </Anchors>
        <Scripts>
		  <OnEnter>
			NPCCommand_OnEnter(self,2,"NPC机器人跟随","让全队NPC机器人跟随你移动。",".npcbot command follow");
		  </OnEnter>
		  <OnLeave>
			GameTooltip:Hide();
		  </OnLeave>
          <OnClick>
			SendChatMessage(".npcbot command follow", "SAY");
		  </OnClick>
        </Scripts>
        <NormalTexture setAllPoints="true" file="Interface\Icons\Ability_Rogue_Shadowstep">
          <TexCoords left="0" right="1" top="0" bottom="1" />
        </NormalTexture>
        <PushedTexture setAllPoints="true" file="interface\buttons\greengrad64" alphaMode="ADD">
          <TexCoords left="0" right="1" top="0" bottom="1" />
        </PushedTexture>
        <DisabledTexture setAllPoints="true" file="Interface\Buttons\UI-Panel-Button-Disabled" alphaMode="ADD">
          <TexCoords left="0" right="1" top="0" bottom="1" />
        </DisabledTexture>
        <HighlightTexture setAllPoints="true" file="interface\buttons\UI-Common-MouseHilight" alphaMode="ADD">
          <TexCoords left="0" right="1" top="0" bottom="1" />
        </HighlightTexture>
        <NormalFont style="GameFontNormal" />
        <HighlightFont style="GameFontHighlight" />
        <DisabledFont style="GameFontDisable" />
        <PushedTextOffset x="0" y="0" />
      </Button>
      <Button name="$parentRevive" text=" ">
        <Size>
          <AbsDimension x="40" y="40" />
        </Size>
        <Anchors>
          <Anchor point="TOPLEFT">
            <Offset>
              <AbsDimension x="199" y="-132" />
            </Offset>
          </Anchor>
        </Anchors>
        <Scripts>
		  <OnEnter>
			NPCCommand_OnEnter(self,2,"NPC机器人复活","在全体脱离战斗后，复活队伍中死亡的NPC机器人。",".npcbot revive");
		  </OnEnter>
		  <OnLeave>
			GameTooltip:Hide();
		  </OnLeave>
          <OnClick>
			SendChatMessage(".npcbot revive", "SAY");
		  </OnClick>
        </Scripts>
        <NormalTexture setAllPoints="true" file="Interface\Icons\Spell_Holy_Redemption">
          <TexCoords left="0" right="1" top="0" bottom="1" />
        </NormalTexture>
        <PushedTexture setAllPoints="true" file="interface\buttons\greengrad64" alphaMode="ADD">
          <TexCoords left="0" right="1" top="0" bottom="1" />
        </PushedTexture>
        <DisabledTexture setAllPoints="true" file="Interface\Buttons\UI-Panel-Button-Disabled" alphaMode="ADD">
          <TexCoords left="0" right="1" top="0" bottom="1" />
        </DisabledTexture>
        <HighlightTexture setAllPoints="true" file="interface\buttons\UI-Common-MouseHilight" alphaMode="ADD">
          <TexCoords left="0" right="1" top="0" bottom="1" />
        </HighlightTexture>
        <NormalFont style="GameFontNormal" />
        <HighlightFont style="GameFontHighlight" />
        <DisabledFont style="GameFontDisable" />
        <PushedTextOffset x="0" y="0" />
      </Button> -->
    </Frames>
  </Frame>
</Ui>